alpha,beta,coefficient
11111111111111100000,11001110111011101111,0.036706373005975179
11111111111111001000,11011110111011101110,-0.012010476030657968
11111111111110101000,11111110111010101110,-0.0064227609572102828
11111111111110101000,11011110111011101110,-0.024670106581408502
11111111111110101000,11010111111011101110,0.0089535044486259152
11111111111110101000,11011010111111101110,0.010926634033691651
11111111111110101000,01011110111111101110,-0.0086931491796805038
11111111111011101000,11101111111010101110,-0.016848852411068427
11111111111011101000,11001111111011101110,-0.072204643601127216
11111111111011101000,11001011111111101110,-0.029630480398815773
11111111111011101000,01001111111111101110,-0.026008495901924472
11111110111111101000,11101110111111001110,0.015010016506821544
11111110111111101000,11101110111110101110,0.040854747910293157
11111110111111101000,11100111111110101110,-0.011434509270584273
11111110111111101000,11001110111111101110,0.12102651427318376
11111110111111101000,11000111111111101110,-0.034308082677169047
11111011111111101000,11001111111011101110,-0.028433117321928183
11110111111111101000,11101110111110101110,-0.011453088848540221
11110111111111101000,11001110111111101110,-0.034662640044504769
11101111111111101000,11101110111011101110,0.10511729904132772
11101111111111101000,11100111111011101110,-0.033975804091079899
11101111111111101000,11101100111111101110,0.023619052652301024
11101111111111101000,11101010111111101110,-0.046076147431471995
11101111111111101000,01101110111111101110,0.036370055930360523
11011111111111101000,11111110111011001110,-0.010504483303649233
11011111111111101000,11111110111010101110,-0.022973403321250783
11011111111111101000,11111010111110101110,0.010757929794736784
11011111111111101000,01111110111110101110,0.0089851042045447742
11011111111111101000,11011110111011101110,-0.094596478159763075
11011111111111101000,11010111111011101110,0.030067445501328206
11011111111111101000,11011100111111101110,-0.021306120664246635
11011111111111101000,11011010111111101110,0.035794829244381723
11011111111111101000,01011110111111101110,-0.031083037622927408
01111111111111101000,11001111111011101110,-0.024632287399678206
11111110111110111000,11011110111111001110,0.0017135501952869464
11101111111011111000,11101111111011001110,-0.0024539976159323436
11011111111011111000,11011111111011001110,0.0020681829984197913
11101110111111111000,11101110111111001110,0.0073926947217810724
11101110111111111000,11101100111111101110,0.0048301385544727259
11011110111111111000,11111110111110001110,0.0025567993325119392
11011110111111111000,11011110111111001110,-0.0066844938445244327
11001111111111111000,11111110111011001110,0.0040977199780744371
11111111111110100100,11011110111011101101,-0.020540784980816271
11111111111011100100,11001111111011101101,-0.037852578899273417
11111110111111100100,11101110111110101101,0.022374963168042283
11111110111111100100,11001110111111101101,0.073341059342363998
11110111111111100100,11001110111111101101,-0.026490945194928863
11101111111111100100,11101111111011101100,0.045804482661059909
11101111111111100100,11101110111011101101,0.084217008603716045
11101111111111100100,11101010111111101101,-0.042521547032610997
11101111111111100100,01101110111111101101,0.026684182008782361
11011111111111100100,11011111111011101100,-0.041244705518966245
11011111111111100100,11111110111010101101,-0.021180083653129154
11011111111111100100,11011110111011101101,-0.07515101583780702
11011111111111100100,11011010111111101101,0.035091259454873014
11111111111110001100,11011110111011111100,-4.1178259698207788e-05
11111111111011001100,11011111111011101100,0.015607670825863004
11111110111111001100,11111110111110101100,0.0090691258190202725
11111110111111001100,11011110111111101100,-0.034669886064340662
11111110111111001100,11010111111111101100,0.01075490535999229
11111110111111001100,11001110111111111100,-0.0066754064159273768
11110111111111001100,11011110111111101100,0.010834585644982953
11101111111111001100,11111110111011101100,0.012608668923614112
11101111111111001100,11101110111011111100,-0.0010971077922879231
11111111111010101100,11111111111010101100,-0.010674387777334687
11111111111010101100,11011111111011101100,0.040535457283441705
11111111111010101100,11011011111111101100,0.017560583743277569
11111111111010101100,01011111111111101100,-0.014680297219787891
11111110111110101100,11111110111111001100,0.0090691258190209786
11111110111110101100,11111110111110101100,0.025731806010313236
11111110111110101100,11110111111110101100,-0.0080399663950638592
11111110111110101100,11011110111111101100,-0.071564323649465203
11111110111110101100,11010111111111101100,0.022717953834396048
11111110111110101100,10011110111111111100,0.0023643317033679007
11111110111110101100,11101110111111101010,0.0014681583567872337
11111011111110101100,11011111111011101100,0.01782292091244822
11110111111110101100,11111110111110101100,-0.0080399663950638349
11110111111110101100,11011110111111101100,0.022450015068840538
11101111111110101100,11111110111011101100,0.019002869155574014
11101111111110101100,11101111111011101100,0.0076302789399808465
11101111111110101100,11111010111111101100,-0.0079823722501492587
01111111111110101100,11011111111011101100,0.015136364279654169
11111110111011101100,11101111111111001100,0.012608668923614775
11111110111011101100,11101111111110101100,0.019002869155573036
11111110111011101100,11001111111111101100,-0.088188920607871757
11110111111011101100,11001111111111101100,0.028357529889081547
11101111111011101100,11101111111111100100,0.045804482661055419
11101111111011101100,11101111111110101100,0.0076302789399819151
11101111111011101100,11101111111011101100,0.14605280786894811
11101111111011101100,11011110111111101100,-0.0017265782340799671
11101111111011101100,11101101111111101100,-0.034233038195474796
11101111111011101100,11101011111111101100,0.072905240456276166
11101111111011101100,01101111111111101100,-0.054102074550908666
11101111111011101100,10101111111011111100,-0.0093179060509135155
11101111111011101100,11011111111011101010,-0.0040035190470153505
11101111111011101100,11101110111111101010,0.00097147419694686621
11011111111011101100,11011111111111100100,-0.041244705518959569
11011111111011101100,11111111111011001100,0.015607670825863666
11011111111011101100,11111111111010101100,0.040535457283442732
11011111111011101100,11111011111110101100,0.01782292091245035
11011111111011101100,01111111111110101100,0.015136364279655395
11011111111011101100,11011111111011101100,-0.13106578646532313
11011111111011101100,11101110111111101100,-0.00011807235680436943
11011111111011101100,11011101111111101100,0.03152196747426473
11011111111011101100,11011011111111101100,-0.057562732649458319
11011111111011101100,01011111111111101100,0.046630016220306963
11011111111011101100,11101111111011101010,0.0036929486267534995
11011111111011101100,11011110111111101010,-5.6578985483156132e-05
11111100111111101100,11001111111111101100,-0.02053989889352751
11111010111111101100,11101111111110101100,-0.0079823722501479108
11111010111111101100,11001111111111101100,0.030387056176714302
11101110111111101100,11011111111011101100,-0.00011807235680595611
11101110111111101100,11101110111111101100,-0.21028310834878905
11101110111111101100,11100111111111101100,0.089189683643083939
11101110111111101100,10101110111111111100,0.00081787742308597603
11101110111111101100,11111110111110101010,-0.0027796063880013676
11101110111111101100,11101111111011101010,-0.0021678209813613338
11101110111111101100,11011110111111101010,0.0087600905458987376
11101110111111101100,11111110111110100101,-0.0074564364349068643
11101110111111101100,11101111111011100101,-0.010527774460170418
11101110111111101100,11011110111111100101,0.0071441136763895343
11101110111111101100,11101110110111101101,0.0057550597324914476
11101110111111101100,11101110111111100011,-0.0072382942658341101
11011110111111101100,11111110111111001100,-0.034669886064342834
11011110111111101100,11110111111111001100,0.010834585644982044
11011110111111101100,11111110111110101100,-0.071564323649466299
11011110111111101100,11110111111110101100,0.022450015068840253
11011110111111101100,11101111111011101100,-0.0017265782340818265
11011110111111101100,11011110111111101100,0.1971842305534873
11011110111111101100,11010111111111101100,-0.078047089930005545
11011110111111101100,10111110111110111100,0.0036253796780965734
11011110111111101100,11011111111011101010,0.0025249883968745889
11011110111111101100,11101110111111101010,-0.0037132559298344151
11011110111111101100,11011110110111101101,-0.0062766393104569142
11011110111111101100,11011110111111100011,0.0078730436798563098
01111110111111101100,11001111111111101100,0.025469544125592613
11101101111111101100,11101111111011101100,-0.034233038195474373
11011101111111101100,11011111111011101100,0.031521967474264292
11101011111111101100,11101111111011101100,0.07290524045626455
11101011111111101100,11101011111111101100,0.036210657492094726
11101011111111101100,01101111111111101100,-0.024590666180185985
11011011111111101100,11111111111010101100,0.017560583743275415
11011011111111101100,11011111111011101100,-0.057562732649451991
11011011111111101100,11011011111111101100,-0.029614768740663211
11100111111111101100,11101110111111101100,0.089189683643086978
11100111111111101100,11100111111111101100,-0.029951678987421206
11010111111111101100,11111110111111001100,0.010754905359993197
11010111111111101100,11111110111110101100,0.022717953834396197
11010111111111101100,11011110111111101100,-0.078047089930009361
11010111111111101100,11010111111111101100,0.02495259485853514
11001111111111101100,11111110111011101100,-0.088188920607878293
11001111111111101100,11110111111011101100,0.028357529889085738
11001111111111101100,11111100111111101100,-0.020539898893531319
11001111111111101100,11111010111111101100,0.030387056176718556
11001111111111101100,01111110111111101100,0.025469544125598532
01101111111111101100,11101111111011101100,-0.054102074550905009
01101111111111101100,11101011111111101100,-0.024590666180186051
01011111111111101100,11111111111010101100,-0.014680297219786618
01011111111111101100,11011111111011101100,0.046630016220301607
11111110111110011100,11111110111110011100,-0.0026248773841861294
11111110111110011100,11011110111111011100,0.005459962921520364
11101110111111011100,11101110111111011100,0.013236981846386515
11011110111111011100,11111110111110011100,0.0054599629215204152
10111110111110111100,11011110111111101100,0.0036253796780977353
11101110111011111100,11101111111111001100,-0.00109710779228892
11011110111011111100,11111111111110001100,-4.1178259697601149e-05
10101111111011111100,11101111111011101100,-0.0093179060509144332
11001110111111111100,11111110111111001100,-0.0066754064159311021
10101110111111111100,11101110111111101100,0.00081787742308646967
10011110111111111100,11111110111110101100,0.0023643317033682234
11111111111110100010,11011110111011101011,0.020099735512493611
11111111111011100010,11001111111011101011,0.039590741719697772
11111111111011100010,11001011111111101011,0.015889023778934662
11111110111111100010,11101110111111001011,-0.0096166365084871964
11111110111111100010,11101110111110101011,-0.022318356486927603
11111110111111100010,11001110111111101011,-0.078393029607237499
11111110111111100010,11000111111111101011,0.0179099103992733
11111011111111100010,11001111111011101011,0.014810426243158809
11110111111111100010,11001110111111101011,0.027922751873171094
11101111111111100010,11101111111011101010,-0.0463388660231107
11101111111111100010,11101110111011101011,-0.091015120529068225
11101111111111100010,11100111111011101011,0.026696418047545425
11101111111111100010,11101010111111101011,0.046332746382852459
11101111111111100010,01101110111111101011,-0.03501385980966662
11011111111111100010,11011111111011101010,0.040287505605922813
11011111111111100010,11111110111010101011,0.020809697017604278
11011111111111100010,11011110111011101011,0.080605189394664919
11011111111111100010,11010111111011101011,-0.022852492123393874
11011111111111100010,11011010111111101011,-0.038831169891572967
11011111111111100010,01011110111111101011,0.02509997997893541
11101110111111110010,11101110111111001011,-0.0030841772016429918
11111111111110001010,11011110111011111010,-8.4055119136770105e-05
11111111111011001010,11011111111011101010,-0.014674380677709032
11111111111011001010,11001111111011111010,-0.0020302684117392928
11111110111111001010,11111110111110101010,-0.0087774268124976209
11111110111111001010,11011110111111101010,0.033893800686783444
11111110111111001010,11010111111111101010,-0.010828629746143383
11111110111111001010,11001110111111111010,0.0070798029932763757
11110111111111001010,11011110111111101010,-0.010866731532794119
11101111111111001010,11111110111011101010,-0.012242912408279885
11101111111111001010,11101110111011111010,0.0015852499443157046
11011111111111001010,11011110111011111010,-0.00084534200009084163
11111111111010101010,11111111111010101010,0.010313100913462121
11111111111010101010,11011111111011101010,-0.039334532221767832
11111111111010101010,11011011111111101010,-0.018277134218016289
11111111111010101010,01011111111111101010,0.015116078539845076
11111110111110101010,11101110111111101100,-0.0027796063880009768
11111110111110101010,11111110111111001010,-0.0087774268124985143
11111110111110101010,11111110111110101010,-0.025967089985763723
11111110111110101010,11110111111110101010,0.0080872613519512651
11111110111110101010,11011110111111101010,0.071288981468848156
11111110111110101010,11010111111111101010,-0.024328138928571899
11111110111110101010,11001111111111101010,0.0048324384082914524
11111110111110101010,10111110111110111010,0.0025441231803471705
11111110111110101010,11001110111111111010,-0.0028426810663397112
11111110111110101010,10011110111111111010,-0.0033905984516568025
11111011111110101010,11011111111011101010,-0.018516424176794596
11111011111110101010,11011011111111101010,-0.0081601436363798741
11110111111110101010,11111110111110101010,0.0080872613519517092
11110111111110101010,11011110111111101010,-0.024073989677896299
11110111111110101010,11010111111111101010,0.0075420549661155811
11101111111110101010,11111110111011101010,-0.020021357623850843
11101111111110101010,11110111111011101010,0.0070615832583699936
11101111111110101010,11101111111011101010,-0.0081647009277437815
11101111111110101010,11111010111111101010,0.0082820217991900792
01111111111110101010,11011111111011101010,-0.015502908213313961
11111110111011101010,11101111111111001010,-0.012242912408280937
11111110111011101010,11101111111110101010,-0.020021357623847748
11111110111011101010,11001111111111101010,0.08826494315550959
11111110111011101010,10001111111111111010,-0.0054716155183528329
11110111111011101010,11101111111110101010,0.0070615832583683334
11110111111011101010,11001111111111101010,-0.029841923263929718
11101111111011101010,11011111111011101100,0.0036929486267529314
11101111111011101010,11101110111111101100,-0.0021678209813622905
11101111111011101010,11101111111111100010,-0.046338866023103414
11101111111011101010,11101111111110101010,-0.0081647009277439984
11101111111011101010,11101111111011101010,-0.14956584803880599
11101111111011101010,11011110111111101010,-0.00076356522585655472
11101111111011101010,11101101111111101010,0.035935698717723133
11101111111011101010,11101011111111101010,-0.078596293858505875
11101111111011101010,01101111111111101010,0.063895498574856879
11101111111011101010,10101111111011111010,0.012774206948074868
11101111111011101010,11101110111111100011,0.0021719216293248113
11011111111011101010,11101111111011101100,-0.0040035190470147728
11011111111011101010,11011110111111101100,0.0025249883968744913
11011111111011101010,11011111111111100010,0.040287505605910344
11011111111011101010,11111111111011001010,-0.014674380677708975
11011111111011101010,11111111111010101010,-0.039334532221767846
11011111111011101010,11111011111110101010,-0.018516424176794607
11011111111011101010,01111111111110101010,-0.015502908213314936
11011111111011101010,11011111111011101010,0.13172811667420214
11011111111011101010,11101110111111101010,-0.0025255029550542742
11011111111011101010,11011101111111101010,-0.031814092327563617
11011111111011101010,11011011111111101010,0.065398730321473891
11011111111011101010,01011111111111101010,-0.04991623810077226
11011111111011101010,10011111111011111010,-0.0096703540789156855
11011111111011101010,11011110111111100011,-0.0056577749567008027
11111100111111101010,11001111111111101010,0.021072037852975459
11111100111111101010,11001110111111111010,0.0047970837186977477
11111010111111101010,11101111111110101010,0.0082820217991880669
11111010111111101010,11001111111111101010,-0.03097447899201727
11101110111111101010,11111110111110101100,0.0014681583567871296
11101110111111101010,11101111111011101100,0.00097147419694618782
11101110111111101010,11011110111111101100,-0.003713255929838336
11101110111111101010,11011111111011101010,-0.0025255029550559061
11101110111111101010,11101110111111101010,0.22604008955419302
11101110111111101010,11100111111111101010,-0.095200921745569239
11101110111111101010,11111110111110011010,-0.0022370216809782981
11101110111111101010,10101110111111111010,-0.0043538409898111509
11101110111111101010,11101110111111100101,0.0048149340510790471
11101110111111101010,11111110111110100011,0.0077814438744480902
11101110111111101010,11101111111011100011,0.0090762774011351743
11101110111111101010,11011110111111100011,-0.0082608498189769061
11101110111111101010,11101110110111101011,-0.0037062699286918182
11011110111111101010,11011111111011101100,-5.6578985485608238e-05
11011110111111101010,11101110111111101100,0.0087600905458947841
11011110111111101010,11111110111111001010,0.033893800686784582
11011110111111101010,11110111111111001010,-0.010866731532793508
11011110111111101010,11111110111110101010,0.071288981468847518
11011110111111101010,11110111111110101010,-0.0240739896778931
11011110111111101010,11101111111011101010,-0.00076356522586051628
11011110111111101010,11011110111111101010,-0.20236105842752314
11011110111111101010,11010111111111101010,0.082186219195846621
11011110111111101010,10111110111110111010,-0.0048066975847239155
11011110111111101010,10011110111111111010,0.0025397807618635329
11011110111111101010,11011111111011100011,-0.0091602960032020342
11011110111111101010,11101110111111100011,0.0040997230020205101
11011110111111101010,11011110110111101011,0.0042599206801318661
01111110111111101010,11001111111111101010,-0.026669138747399502
11101101111111101010,11101111111011101010,0.035935698717724153
11101101111111101010,11101110111011111010,-0.0052065621621153217
11011101111111101010,11011111111011101010,-0.031814092327564721
11101011111111101010,11101111111011101010,-0.078596293858500879
11101011111111101010,11101011111111101010,-0.039686290451756687
11101011111111101010,01101111111111101010,0.031635307187663893
11011011111111101010,11111111111010101010,-0.018277134218014194
11011011111111101010,11111011111110101010,-0.0081601436363791351
11011011111111101010,11011111111011101010,0.065398730321471144
11011011111111101010,11011011111111101010,0.033902692397019485
11011011111111101010,01011111111111101010,-0.022796440765473078
11100111111111101010,11101110111111101010,-0.095200921745578912
11100111111111101010,11100111111111101010,0.033724434539964605
11010111111111101010,11111110111111001010,-0.010828629746144154
11010111111111101010,11111110111110101010,-0.02432813892857082
11010111111111101010,11110111111110101010,0.007542054966116235
11010111111111101010,11011110111111101010,0.082186219195853213
11010111111111101010,11010111111111101010,-0.028355313779813734
11001111111111101010,11111110111110101010,0.0048324384082919876
11001111111111101010,11111110111011101010,0.088264943155526243
11001111111111101010,11110111111011101010,-0.02984192326393208
11001111111111101010,11111100111111101010,0.021072037852978006
11001111111111101010,11111010111111101010,-0.030974478992022679
11001111111111101010,01111110111111101010,-0.026669138747403721
01101111111111101010,11101111111011101010,0.063895498574853021
01101111111111101010,11101011111111101010,0.031635307187662935
01101111111111101010,01101111111111101010,-0.020853249215207849
01011111111111101010,11111111111010101010,0.015116078539843019
01011111111111101010,11011111111011101010,-0.04991623810077149
01011111111111101010,11011011111111101010,-0.022796440765472693
11111110111110011010,11101110111111101010,-0.0022370216809783909
11111110111110011010,11111110111110011010,0.0025839450286973802
11111110111110011010,11011110111111011010,-0.0061384266722536492
11101110111111011010,11101110111111011010,-0.016754929660819363
11011110111111011010,11111110111110011010,-0.0061384266722534558
11011110111111011010,11011110111111011010,0.012986470815573848
10111110111110111010,11111110111110101010,0.0025441231803477846
10111110111110111010,11011110111111101010,-0.0048066975847249581
11101110111011111010,11101111111111001010,0.0015852499443171975
11101110111011111010,11101101111111101010,-0.0052065621621161465
11011110111011111010,11111111111110001010,-8.4055119137360033e-05
11011110111011111010,11011111111111001010,-0.00084534200009179106
11001111111011111010,11111111111011001010,-0.0020302684117405223
10101111111011111010,11101111111011101010,0.012774206948077215
10011111111011111010,11011111111011101010,-0.0096703540789181506
11001110111111111010,11111110111111001010,0.0070798029932810248
11001110111111111010,11111110111110101010,-0.0028426810663411319
11001110111111111010,11111100111111101010,0.0047970837187006057
10101110111111111010,11101110111111101010,-0.0043538409898122837
10011110111111111010,11111110111110101010,-0.0033905984516574904
10011110111111111010,11011110111111101010,0.0025397807618647125
10001111111111111010,11111110111011101010,-0.0054716155183554341
11111110111110100110,11011110111111101001,0.02370032262635333
11111110111011100110,11001111111111101001,0.032962608576962531
11101111111011100110,11101111111011101001,-0.047829630612821604
11101111111011100110,11101011111111101001,-0.01909167625449322
11011111111011100110,11011111111011101001,0.039246560818474781
11101110111111100110,11101110111111101001,0.089793136462326853
11101110111111100110,11100111111111101001,-0.02086046424027433
11011110111111100110,11111110111111001001,0.013590564732959845
11011110111111100110,11111110111110101001,0.022679391052913941
11011110111111100110,11011110111111101001,-0.078722554675526621
11101011111111100110,11101111111011101001,-0.017818525845075799
11100111111111100110,11101110111111101001,-0.032202988625002732
11010111111111100110,11011110111111101001,0.027648454174666961
11001111111111100110,11111110111011101001,0.036332881187190955
11111110111110001110,11011110111111111000,0.0025567993325136119
11111110111011001110,11011111111111101000,-0.010504483303668606
11111110111011001110,11001111111111111000,0.0040977199780784001
11101111111011001110,11101111111011111000,-0.0024539976159327374
11011111111011001110,11011111111011111000,0.0020681829984197145
11101110111111001110,11111110111111101000,0.015010016506840512
11101110111111001110,11101110111111111000,0.0073926947217870355
11011110111111001110,11111110111110111000,0.001713550195285246
11011110111111001110,11011110111111111000,-0.0066844938445291017
11111110111010101110,11111111111110101000,-0.0064227609572260471
11111110111010101110,11011111111111101000,-0.022973403321290751
11101111111010101110,11111111111011101000,-0.016848852411136324
11111010111110101110,11011111111111101000,0.01075792979475384
11101110111110101110,11111110111111101000,0.040854747910392133
11101110111110101110,11110111111111101000,-0.011453088848558455
01111110111110101110,11011111111111101000,0.0089851042045608672
11100111111110101110,11111110111111101000,-0.011434509270616077
11101110111011101110,11101111111111101000,0.10511729904151614
11011110111011101110,11111111111111001000,-0.012010476030699074
11011110111011101110,11111111111110101000,-0.024670106581480122
11011110111011101110,11011111111111101000,-0.094596478159935354
11100111111011101110,11101111111111101000,-0.033975804091144202
11010111111011101110,11111111111110101000,0.0089535044486542294
11010111111011101110,11011111111111101000,0.030067445501384332
11001111111011101110,11111111111011101000,-0.072204643601308807
11001111111011101110,11111011111111101000,-0.028433117321986424
11001111111011101110,01111111111111101000,-0.024632287399720489
11101100111111101110,11101111111111101000,0.023619052652337852
11101100111111101110,11101110111111111000,0.0048301385544770826
11011100111111101110,11011111111111101000,-0.021306120664281128
11101010111111101110,11101111111111101000,-0.046076147431549502
11011010111111101110,11111111111110101000,0.010926634033711465
11011010111111101110,11011111111111101000,0.035794829244435236
11001110111111101110,11111110111111101000,0.12102651427342047
11001110111111101110,11110111111111101000,-0.034662640044564631
01101110111111101110,11101111111111101000,0.036370055930418643
01011110111111101110,11111111111110101000,-0.0086931491797402494
01011110111111101110,11011111111111101000,-0.031083037622977198
11001011111111101110,11111111111011101000,-0.02963048039884952
11000111111111101110,11111110111111101000,-0.034308082677229068
01001111111111101110,11111111111011101000,-0.026008495901964981
11111111111011100001,11001111111011100111,0.044348384669415271
11111110111111100001,11101110111110100111,-0.027784296631472374
11111110111111100001,11001110111111100111,-0.080467945663234494
11101111111111100001,11101110111011100111,-0.064487296694397664
11101111111111100001,11101010111111100111,0.023179035045671356
11011111111111100001,11011110111011100111,0.055497006218304765
11111110111111001001,11011110111111100110,0.01359056473293462
11111110111110101001,11011110111111100110,0.02267939105287213
11111110111011101001,11001111111111100110,0.036332881187146372
11101111111011101001,11101111111011100110,-0.047829630612758078
11101111111011101001,11101011111111100110,-0.017818525845051478
11011111111011101001,11011111111011100110,0.039246560818427603
11101110111111101001,11101110111111100110,0.089793136462159515
11101110111111101001,11100111111111100110,-0.032202988624946215
11011110111111101001,11111110111110100110,0.023700322626311672
11011110111111101001,11011110111111100110,-0.078722554675390882
11011110111111101001,11010111111111100110,0.027648454174621459
11101011111111101001,11101111111011100110,-0.01909167625446281
11100111111111101001,11101110111111100110,-0.020860464240240913
11001111111111101001,11111110111011100110,0.032962608576917345
11111110111111000101,11011110111111100101,0.021766079826950301
11111111111010100101,11011111111011100101,-0.024837606352426267
11111110111110100101,11101110111111101100,-0.0074564364349079823
11111110111110100101,11111110111110100101,-0.015501247774771978
11111110111110100101,11011110111111100101,0.04145120231728508
11111110111011100101,11001111111111100101,0.052674863979424655
11101111111011100101,11101110111111101100,-0.010527774460173859
11101111111011100101,11101111111011100101,-0.096245100120872298
11101111111011100101,11101011111111100101,-0.037134085550075469
11011111111011100101,11111111111010100101,-0.024837606352427894
11011111111011100101,11011111111011100101,0.085065566543560886
11101110111111100101,11101110111111101010,0.0048149340510798668
11101110111111100101,11101110111111100101,0.15549464933922005
11101110111111100101,11100111111111100101,-0.053968779140930095
11011110111111100101,11101110111111101100,0.0071441136763852348
11011110111111100101,11111110111111000101,0.021766079826950155
11011110111111100101,11111110111110100101,0.041451202317286981
11011110111111100101,11011110111111100101,-0.13511237330154194
11011110111111100101,11010111111111100101,0.044800349304244744
11101011111111100101,11101111111011100101,-0.037134085550073366
11100111111111100101,11101110111111100101,-0.05396877914093233
11010111111111100101,11011110111111100101,0.044800349304246825
11001111111111100101,11111110111011100101,0.052674863979429574
11111110111010101101,11011111111111100100,-0.021180083653147993
11101110111110101101,11111110111111100100,0.022374963168040767
11101110111011101101,11101111111111100100,0.084217008603732713
11011110111011101101,11111111111110100100,-0.02054078498082678
11011110111011101101,11011111111111100100,-0.07515101583783465
11001111111011101101,11111111111011100100,-0.037852578899294387
11101110110111101101,11101110111111101100,0.0057550597324931858
11011110110111101101,11011110111111101100,-0.0062766393104596837
11101010111111101101,11101111111111100100,-0.042521547032603552
11011010111111101101,11011111111111100100,0.035091259454868753
11001110111111101101,11111110111111100100,0.073341059342359016
11001110111111101101,11110111111111100100,-0.026490945194925602
01101110111111101101,11101111111111100100,0.02668418200878234
11111110111111000011,11011110111111100011,-0.021299901655297538
11111111111010100011,11011111111011100011,0.023846368477023986
11111110111110100011,11101110111111101010,0.0077814438744488136
11111110111110100011,11111110111110100011,0.015253979546925974
11111110111110100011,11011110111111100011,-0.041203745856196496
11111110111011100011,11001111111111100011,-0.052126600641810315
11101111111011100011,11101110111111101010,0.0090762774011378909
11101111111011100011,11101111111011100011,0.099503374066781253
11101111111011100011,11101011111111100011,0.046459876668975282
11101111111011100011,01101111111111100011,-0.029245130818459798
11011111111011100011,11011110111111101010,-0.0091602960032070579
11011111111011100011,11111111111010100011,0.023846368477024434
11011111111011100011,11011111111011100011,-0.084074376062704084
11011111111011100011,11011011111111100011,-0.032184595961220877
11101110111111100011,11101110111111101100,-0.0072382942658366142
11101110111111100011,11101111111011101010,0.0021719216293270612
11101110111111100011,11011110111111101010,0.0040997230020172965
11101110111111100011,11101110111111100011,-0.16255046529152264
11101110111111100011,11100111111111100011,0.058743391405053039
11011110111111100011,11011110111111101100,0.0078730436798561104
11011110111111100011,11011111111011101010,-0.0056577749567016718
11011110111111100011,11101110111111101010,-0.0082608498189756536
11011110111111100011,11111110111111000011,-0.021299901655296619
11011110111111100011,11111110111110100011,-0.041203745856196662
11011110111111100011,11011110111111100011,0.13731289814881359
11011110111111100011,11010111111111100011,-0.048460671023290686
11101011111111100011,11101111111011100011,0.046459876668973145
11011011111111100011,11011111111011100011,-0.032184595961220828
11100111111111100011,11101110111111100011,0.058743391405056113
11010111111111100011,11011110111111100011,-0.048460671023293163
11001111111111100011,11111110111011100011,-0.052126600641818122
01101111111111100011,11101111111011100011,-0.029245130818458618
11101110111111001011,11111110111111100010,-0.0096166365084870715
11101110111111001011,11101110111111110010,-0.0030841772016416869
11111110111010101011,11011111111111100010,0.020809697017612525
11101110111110101011,11111110111111100010,-0.022318356486927322
11101110111011101011,11101111111111100010,-0.091015120529086502
11011110111011101011,11111111111110100010,0.020099735512496181
11011110111011101011,11011111111111100010,0.080605189394692675
11100111111011101011,11101111111111100010,0.026696418047553117
11010111111011101011,11011111111111100010,-0.022852492123402589
11001111111011101011,11111111111011100010,0.039590741719716778
11001111111011101011,11111011111111100010,0.014810426243163033
11101110110111101011,11101110111111101010,-0.0037062699286937125
11011110110111101011,11011110111111101010,0.004259920680133835
11101010111111101011,11101111111111100010,0.04633274638285214
11011010111111101011,11011111111111100010,-0.038831169891572127
11001110111111101011,11111110111111100010,-0.078393029607238887
11001110111111101011,11110111111111100010,0.027922751873167569
01101110111111101011,11101111111111100010,-0.035013859809666967
01011110111111101011,11011111111111100010,0.025099979978933581
11001011111111101011,11111111111011100010,0.015889023778938485
11000111111111101011,11111110111111100010,0.017909910399276193
11101110111110100111,11111110111111100001,-0.027784296631524749
11101110111011100111,11101111111111100001,-0.06448729669452366
11011110111011100111,11011111111111100001,0.055497006218416772
11001111111011100111,11111111111011100001,0.044348384669513172
11101010111111100111,11101111111111100001,0.023179035045712022
11001110111111100111,11111110111111100001,-0.080467945663401902
11001110111011101111,11111111111111100000,0.03670637300599789
